"Date","Action","Symbol","Description","Quantity","Price","Fees & Comm","Amount"
"03/17/2026","NRA Tax Adj","UNH","UNITEDHEALTH GROUP INC","","","","-$33.15"
"03/17/2026","Qualified Dividend","UNH","UNITEDHEALTH GROUP INC","","","","$132.60"
"02/03/2026","Buy","TSLA","TESLA INC","35","$417.82","","-$14623.70"
"12/30/2025","NRA Tax Adj","","SCHWAB1 INT 11/26-12/29","","","","-$0.04"
"12/30/2025","Credit Interest","","SCHWAB1 INT 11/26-12/29","","","","$0.30"
"12/16/2025","NRA Tax Adj","UNH","UNITEDHEALTH GROUP INC","","","","-$33.15"
"12/16/2025","Qualified Dividend","UNH","UNITEDHEALTH GROUP INC","","","","$132.60"
"11/26/2025","NRA Tax Adj","","SCHWAB1 INT 10/30-11/25","","","","-$0.22"
"11/26/2025","Credit Interest","","SCHWAB1 INT 10/30-11/25","","","","$1.51"
"11/05/2025","Wire Sent","","WIRED FUNDS DISBURSED","","","","-$100000.00"
"11/05/2025","Misc Cash Entry","","WAIVE WIRE FEE","","","","$15.00"
"11/05/2025","Service Fee","","WIRED FUNDS FEE","","","","-$15.00"
"10/31/2025","Wire Sent","","WIRED FUNDS DISBURSED","","","","-$100000.00"
"10/31/2025","Misc Cash Entry","","WAIVE WIRE FEE","","","","$15.00"
"10/31/2025","Service Fee","","WIRED FUNDS FEE","","","","-$15.00"
"10/30/2025","NRA Tax Adj","","SCHWAB1 INT 09/29-10/29","","","","-$1.41"
"10/30/2025","Credit Interest","","SCHWAB1 INT 09/29-10/29","","","","$9.44"
"10/10/2025","Buy","UNH","UNITEDHEALTH GROUP INC","60","$353.28","","-$21196.80"
"09/29/2025","NRA Tax Adj","","SCHWAB1 INT 08/28-09/28","","","","-$1.36"
"09/29/2025","Credit Interest","","SCHWAB1 INT 08/28-09/28","","","","$9.07"
"09/23/2025","Sell","U","UNITY SOFTWARE INC","478","$45.95","$0.08","$21964.02"
"09/12/2025","Sell","OSCR","OSCAR HEALTH INC CLASS A","1,000","$19.0432","$0.17","$19043.03"
"08/28/2025","NRA Tax Adj","","SCHWAB1 INT 07/30-08/27","","","","-$1.12"
"08/28/2025","Credit Interest","","SCHWAB1 INT 07/30-08/27","","","","$7.47"
"08/22/2025","Sell","VOOG","VANGUARD S&P ...500 GROWTH ETF","5.0871","$414.9515","","$2110.90"
"08/22/2025","Sell","BTC","GRAYSCALE BITCOIN MINI TRUST ETF","1","$51.40","","$51.40"
"08/22/2025","Sell","INTC","INTEL CORP","1,500","$24.49","$0.25","$36734.75"
"08/21/2025","Buy","INTC","INTEL CORP","500","$23.53","","-$11765.00"
"08/15/2025","Buy","OSCR","OSCAR HEALTH INC CLASS A","1,000","$15.445","","-$15445.00"
"08/08/2025","Buy","INTC","INTEL CORP","1,000","$19.74","","-$19740.00"
"07/30/2025","NRA Tax Adj","","SCHWAB1 INT 06/27-07/29","","","","-$1.27"
"07/30/2025","Credit Interest","","SCHWAB1 INT 06/27-07/29","","","","$8.52"
"07/08/2025","Sell","INTC","INTEL CORP","1,900","$23.17","$0.32","$44022.68"
"06/30/2025","Reinvest Dividend","VOOG","VANGUARD S&P ...500 GROWTH ETF","","","","$2.50"
"06/30/2025","NRA Tax Adj","VOOG","VANGUARD S&P ...500 GROWTH ETF","","","","-$0.63"
"06/30/2025","Reinvest Shares","VOOG","VANGUARD S&P ...500 GROWTH ETF","0.0047","$395.81","","-$1.87"
"06/27/2025","NRA Tax Adj","","SCHWAB1 INT 05/29-06/26","","","","-$0.82"
"06/27/2025","Credit Interest","","SCHWAB1 INT 05/29-06/26","","","","$5.49"
"06/23/2025","Sell","TSLA","TESLA INC","50","$348.50","$0.01","$17424.99"
"06/06/2025","Sell","NVDA","NVIDIA CORP","60","$140.5417","$0.01","$8432.49"
"05/29/2025","NRA Tax Adj","","SCHWAB1 INT 04/29-05/28","","","","-$0.80"
"05/29/2025","Credit Interest","","SCHWAB1 INT 04/29-05/28","","","","$5.34"
"05/05/2025","Wire Received","","WIRED FUNDS RECEIVED","","","","$10000.00"
"04/29/2025","NRA Tax Adj","","SCHWAB1 INT 03/28-04/28","","","","-$0.82"
"04/29/2025","Credit Interest","","SCHWAB1 INT 03/28-04/28","","","","$5.53"
"04/09/2025","Sell","SHOP","SHOPIFY INC FCLASS A","200","$86.7848","$0.50","$17356.45"
"04/09/2025","Sell","NET","CLOUDFLARE INC CLASS A","100","$108.47","$0.32","$10846.68"
"04/09/2025","Sell","IONQ","IONQ INC","1,300","$24.065","$1.09","$31283.41"
"04/08/2025","MoneyLink Deposit","","VINOD PERUVEMBU","","","","$13.54"
"04/07/2025","Wire Received","","WIRED FUNDS RECEIVED","","","","$27.09"
"04/07/2025","Buy","BTC","GRAYSCALE BITCOIN MINI TRUST ETF","1","$34.02","","-$34.02"
"04/07/2025","Wire Received","","WIRED FUNDS RECEIVED","","","","$27.09"
"04/04/2025","Buy","IONQ","IONQ INC","500","$20.685","","-$10342.50"
"04/04/2025","Buy","INTC","INTEL CORP","500","$19.8893","","-$9944.65"
"04/04/2025","Buy","IONQ","IONQ INC","400","$20.00","","-$8000.00"
"04/04/2025","Buy","INTC","INTEL CORP","400","$20.35","","-$8140.00"
"04/03/2025","Buy","TSLA","TESLA INC","30","$269.30","","-$8079.00"
"04/03/2025","Buy","SHOP","SHOPIFY INC FCLASS A","200","$82.985","","-$16597.00"
"04/03/2025","Buy","IONQ","IONQ INC","400","$23.44","","-$9376.00"
"04/03/2025","Buy","INTC","INTEL CORP","1,000","$21.3599","","-$21359.90"
"04/03/2025","Buy","NET","CLOUDFLARE INC CLASS A","100","$107.42","","-$10742.00"
"04/02/2025","NRA Tax Adj","NVDA","NVIDIA CORP","","","","-$0.15"
"04/02/2025","Qualified Dividend","NVDA","NVIDIA CORP","","","","$0.60"
"03/28/2025","NRA Tax Adj","","SCHWAB1 INT 02/27-03/27","","","","-$0.85"
"03/28/2025","Credit Interest","","SCHWAB1 INT 02/27-03/27","","","","$5.72"
"03/27/2025","Reinvest Shares","VOOG","VANGUARD S&P ...500 GROWTH ETF","0.0061","$343.75","","-$2.08"
"03/27/2025","Reinvest Dividend","VOOG","VANGUARD S&P ...500 GROWTH ETF","","","","$2.78"
"03/27/2025","NRA Tax Adj","VOOG","VANGUARD S&P ...500 GROWTH ETF","","","","-$0.70"
"03/17/2025","Sell","INTC","INTEL CORP","1,300","$25.245","$1.13","$32817.37"
"02/27/2025","NRA Tax Adj","","SCHWAB1 INT 01/30-02/26","","","","-$0.75"
"02/27/2025","Credit Interest","","SCHWAB1 INT 01/30-02/26","","","","$5.00"
"02/13/2025 as of 01/30/2025","Adjustment","","NRA W/H S1","","","","-$1.03"
"02/13/2025 as of 01/30/2025","Adjustment","","REV W/H S1","","","","$2.06"
"02/13/2025 as of 01/31/2025","Adjustment","","REFUND COST","","","","$2366.45"
"02/11/2025","Sell","METV","ROUNDHILL BALL METAVERSEETF","100","$15.115","$0.06","$1511.44"
"01/31/2025","Sell","COST","COSTCO WHSL CORP NEW","10","$986.022","$0.28","$7493.49"
"01/30/2025","NRA Tax Adj","","SCHWAB1 INT 12/30-01/29","","","","-$2.06"
"01/30/2025","Credit Interest","","SCHWAB1 INT 12/30-01/29","","","","$6.89"
"01/29/2025","Buy","TSLA","TESLA INC","20","$387.7456","","-$7754.91"
"01/29/2025","Buy","INTC","INTEL CORP","300","$19.7662","","-$5929.86"
"01/29/2025","Buy","NVDA","NVIDIA CORP","60","$122.83","","-$7369.80"
"01/21/2025","Buy","INTC","INTEL CORP","1,000","$21.80","","-$21800.00"
"12/30/2024","NRA Tax Adj","","SCHWAB1 INT 11/27-12/29","","","","-$1.86"
"12/30/2024","Credit Interest","","SCHWAB1 INT 11/27-12/29","","","","$12.43"
"12/26/2024","Reinvest Shares","VOOG","VANGUARD S&P ...500 GROWTH ETF","0.0054","$378.44","","-$2.03"
"12/26/2024","Reinvest Dividend","VOOG","VANGUARD S&P ...500 GROWTH ETF","","","","$2.71"
"12/26/2024","NRA Tax Adj","VOOG","VANGUARD S&P ...500 GROWTH ETF","","","","-$0.68"
"11/27/2024","NRA Tax Adj","","SCHWAB1 INT 10/30-11/26","","","","-$2.49"
"11/27/2024","Credit Interest","","SCHWAB1 INT 10/30-11/26","","","","$16.65"
"11/15/2024","NRA Tax Adj","COST","COSTCO WHSL CORP NEW","","","","-$2.90"
"11/15/2024","Qualified Dividend","COST","COSTCO WHSL CORP NEW","","","","$11.60"
"10/30/2024","NRA Tax Adj","","SCHWAB1 INT 09/27-10/29","","","","-$4.45"
"10/30/2024","Credit Interest","","SCHWAB1 INT 09/27-10/29","","","","$29.70"
"10/01/2024","Reinvest Shares","VOOG","VANGUARD S&P ...500 GROWTH ETF","0.0058","$342.1799","","-$1.98"
"10/01/2024","Reinvest Dividend","VOOG","VANGUARD S&P ...500 GROWTH ETF","","","","$2.64"
"10/01/2024","NRA Tax Adj","VOOG","VANGUARD S&P ...500 GROWTH ETF","","","","-$0.66"
"09/27/2024","NRA Tax Adj","","SCHWAB1 INT 08/29-09/26","","","","-$7.78"
"09/27/2024","Credit Interest","","SCHWAB1 INT 08/29-09/26","","","","$51.92"
"09/26/2024","Sell","MU","MICRON TECHNOLOGY INC","100","$108.60","$0.32","$10859.68"
"09/25/2024","Buy","COST","COSTCO WHSL CORP NEW","10","$907.60","","-$9076.00"
"09/25/2024","Buy","MU","MICRON TECHNOLOGY INC","100","$95.10","","-$9510.00"
"09/23/2024","Sell","INTC","INTEL CORP","500","$22.455","$0.39","$11227.11"
"09/20/2024","Buy","INTC","INTEL CORP","500","$20.3674","","-$10183.70"
"08/29/2024","NRA Tax Adj","","SCHWAB1 INT 07/30-08/28","","","","-$9.49"
"08/29/2024","Credit Interest","","SCHWAB1 INT 07/30-08/28","","","","$63.33"
"08/08/2024","Final Cash Liquid","74255Y409","PRINCIPAL HEALTHCARE INNOVATR ETF","","","","$1970.49"
"08/08/2024","Final Cash Liquid Adj","74255Y409","PRINCIPAL HEALTHCARE INNOVATR ETF","-50","","",""
"07/30/2024","NRA Tax Adj","","SCHWAB1 INT 06/27-07/29","","","","-$8.08"
"07/30/2024","Credit Interest","","SCHWAB1 INT 06/27-07/29","","","","$53.89"
"07/22/2024","Sell","TSLA","TESLA INC","190","$250.835","$1.35","$47657.30"
"07/02/2024","Reinvest Shares","VOOG","VANGUARD S&P ...500 GROWTH ETF","0.0049","$335.9399","","-$1.64"
"07/02/2024","Reinvest Dividend","VOOG","VANGUARD S&P ...500 GROWTH ETF","","","","$2.19"
"07/02/2024","NRA Tax Adj","VOOG","VANGUARD S&P ...500 GROWTH ETF","","","","-$0.55"
"06/27/2024","NRA Tax Adj","","SCHWAB1 INT 05/30-06/26","","","","-$6.34"
"06/27/2024","Credit Interest","","SCHWAB1 INT 05/30-06/26","","","","$42.28"
"05/30/2024","NRA Tax Adj","","SCHWAB1 INT 04/29-05/29","","","","-$6.64"
"05/30/2024","Credit Interest","","SCHWAB1 INT 04/29-05/29","","","","$44.31"
"05/22/2024","Sell","AZN","ASTRAZENECA PLC FSPONSORED ADR 1 ADR REPS 0.5 ORD SHS","100","$78.64","$0.24","$7863.76"
"04/29/2024","NRA Tax Adj","","SCHWAB1 INT 03/27-04/28","","","","-$6.82"
"04/29/2024","Credit Interest","","SCHWAB1 INT 03/27-04/28","","","","$45.48"
"03/28/2024","Reinvest Shares","VOOG","VANGUARD S&P ...500 GROWTH ETF","0.0037","$305.34","","-$1.14"
"03/27/2024","NRA Tax Adj","","SCHWAB1 INT 02/28-03/26","","","","-$5.34"
"03/27/2024","Credit Interest","","SCHWAB1 INT 02/28-03/26","","","","$35.65"
"03/27/2024","Reinvest Dividend","VOOG","VANGUARD S&P ...500 GROWTH ETF","","","","$1.52"
"03/27/2024","NRA Tax Adj","VOOG","VANGUARD S&P ...500 GROWTH ETF","","","","-$0.38"
"03/27/2024","Sell","BWA","BORG WARNER INC","501.2832","$34.385","$0.22","$17236.41"
"03/25/2024","ADR Mgmt Fee","AZN","ASTRAZENECA PLC FSPONSORED ADR 1 ADR REPS 0.5 ORD SHS","","","","-$2.00"
"03/25/2024","Qualified Dividend","AZN","ASTRAZENECA PLC FSPONSORED ADR 1 ADR REPS 0.5 ORD SHS","","","","$98.50"
"03/18/2024","Buy","TSLA","TESLA INC","50","$167.50","","-$8375.00"
"03/15/2024","Reinvest Shares","BWA","BORG WARNER INC","1.2832","$32.147","","-$41.25"
"03/15/2024","NRA Tax Adj","BWA","BORG WARNER INC","","","","-$13.75"
"03/15/2024","Qual Div Reinvest","BWA","BORG WARNER INC","","","","$55.00"
"02/28/2024","NRA Tax Adj","","SCHWAB1 INT 01/30-02/27","","","","-$6.48"
"02/28/2024","Credit Interest","","SCHWAB1 INT 01/30-02/27","","","","$43.23"
"02/13/2024","Buy","BWA","BORG WARNER INC","500","$30.985","","-$15492.50"
"02/13/2024","Buy","BLDP","BALLARD POWER SYS F","1,600","$3.085","","-$4936.00"
"02/06/2024","Buy","AZN","ASTRAZENECA PLC FSPONSORED ADR 1 ADR REPS 0.5 ORD SHS","100","$66.875","","-$6687.50"
"02/06/2024","Buy","TSLA","TESLA INC","40","$182.885","","-$7315.40"
"01/30/2024","NRA Tax Adj","","SCHWAB1 INT 12/28-01/29","","","","-$8.51"
"01/30/2024","Credit Interest","","SCHWAB1 INT 12/28-01/29","","","","$56.76"
"12/29/2023","NRA Tax Adj","METV","ROUNDHILL BALL METAVERSEETF","","","","-$0.48"
"12/29/2023","Cash Dividend","METV","ROUNDHILL BALL METAVERSEETF","","","","$1.91"
"12/28/2023","NRA Tax Adj","","SCHWAB1 INT 11/29-12/27","","","","-$5.59"
"12/28/2023","Credit Interest","","SCHWAB1 INT 11/29-12/27","","","","$37.28"
"12/27/2023","Reinvest Shares","VOOG","VANGUARD S&P ...500 GROWTH ETF","0.0127","$271.0438","","-$3.45"
"12/26/2023","Reinvest Dividend","VOOG","VANGUARD S&P ...500 GROWTH ETF","","","","$4.60"
"12/26/2023","NRA Tax Adj","VOOG","VANGUARD S&P ...500 GROWTH ETF","","","","-$1.15"
"12/15/2023","Sell","AAL","AMERICAN AIRLS GROUP","1,600","$14.52","$0.42","$23231.58"
"12/15/2023","Sell","INTC","INTEL CORP","600","$46.70","$0.30","$28019.70"
"12/01/2023","NRA Tax Adj","INTC","INTEL CORP","","","","-$18.75"
"12/01/2023","Qualified Dividend","INTC","INTEL CORP","","","","$75.00"
"11/29/2023","NRA Tax Adj","","SCHWAB1 INT 10/30-11/28","","","","-$5.18"
"11/29/2023","Credit Interest","","SCHWAB1 INT 10/30-11/28","","","","$34.59"
"11/16/2023","Buy","AAL","AMERICAN AIRLS GROUP","600","$12.475","","-$7485.00"
"10/30/2023","NRA Tax Adj","","SCHWAB1 INT 09/28-10/29","","","","-$5.71"
"10/30/2023","Credit Interest","","SCHWAB1 INT 09/28-10/29","","","","$38.08"
"10/04/2023","Reinvest Shares","VOOG","VANGUARD S&P ...500 GROWTH ETF","0.0116","$244.8891","","-$2.83"
"10/03/2023","Reinvest Dividend","VOOG","VANGUARD S&P ...500 GROWTH ETF","","","","$3.78"
"10/03/2023","NRA Tax Adj","VOOG","VANGUARD S&P ...500 GROWTH ETF","","","","-$0.95"
"09/28/2023","NRA Tax Adj","","SCHWAB1 INT 08/30-09/27","","","","-$6.63"
"09/28/2023","Credit Interest","","SCHWAB1 INT 08/30-09/27","","","","$44.22"
"09/28/2023","Buy","AAL","AMERICAN AIRLS GROUP","500","$12.9799","","-$6489.95"
"09/26/2023","Buy","AAL","AMERICAN AIRLS GROUP","500","$12.8787","","-$6439.35"
"09/26/2023","Buy","INTC","INTEL CORP","150","$34.5281","","-$5179.22"
"09/26/2023","Buy","PLUG","PLUG POWER INC","700","$7.45","","-$5215.00"
"09/26/2023","Buy","BLDP","BALLARD POWER SYS F","1,500","$3.555","","-$5332.50"
"09/01/2023","NRA Tax Adj","INTC","INTEL CORP","","","","-$14.06"
"09/01/2023","Qualified Dividend","INTC","INTEL CORP","","","","$56.25"
"08/30/2023","NRA Tax Adj","","SCHWAB1 INT 07/28-08/29","","","","-$6.11"
"08/30/2023","Credit Interest","","SCHWAB1 INT 07/28-08/29","","","","$40.79"
"08/29/2023","Sell","OKTA","OKTA INC CLASS A","175","$71.875","$0.13","$12578.00"
"08/28/2023","Wire Received","","WIRED FUNDS RECEIVED","","","","$39960.00"
"08/15/2023","Buy","RIVN","RIVIAN AUTOMOTIVE INC CLASS A","200","$20.62","","-$4124.00"
"08/15/2023","Buy","BLDP","BALLARD POWER SYS F","1,000","$4.485","","-$4485.00"
"08/15/2023","Buy","RIVN","RIVIAN AUTOMOTIVE INC CLASS A","200","$20.55","","-$4110.00"
"08/10/2023","Buy","PLUG","PLUG POWER INC","750","$9.325","","-$6993.75"
"08/02/2023","Buy","TSLA","TESLA INC","50","$253.80","","-$12690.00"
"08/02/2023","Buy","PLUG","PLUG POWER INC","1,000","$11.655","","-$11655.00"
"08/02/2023","Buy","U","UNITY SOFTWARE INC","478","$41.78","","-$19970.84"
"08/02/2023","Buy","RIVN","RIVIAN AUTOMOTIVE INC CLASS A","1,000","$25.66","","-$25660.00"
"07/28/2023","NRA Tax Adj","","SCHWAB1 INT 06/29-07/27","","","","-$10.49"
"07/28/2023","Credit Interest","","SCHWAB1 INT 06/29-07/27","","","","$69.94"
"07/20/2023","Buy","OKTA","OKTA INC CLASS A","75","$70.02","","-$5251.50"
"07/20/2023","Buy","PLUG","PLUG POWER INC","750","$12.62","","-$9465.00"
"07/20/2023","Buy","TSLA","TESLA INC","20","$270.96","","-$5419.20"
"07/20/2023","Buy","INTC","INTEL CORP","150","$34.08","","-$5112.00"
"07/20/2023","Buy","TSLA","TESLA INC","30","$272.135","","-$8164.05"
"07/20/2023","Buy","INTC","INTEL CORP","300","$33.9581","","-$10187.43"
"07/20/2023","Buy","BLDP","BALLARD POWER SYS F","1,000","$4.6578","","-$4657.80"
"07/14/2023","Sell","PLUG","PLUG POWER INC","500","$12.92","$0.12","$6459.88"
"07/07/2023","Sell","RIVN","RIVIAN AUTOMOTIVE INC CLASS A","800","$23.38","$0.26","$18703.74"
"07/06/2023","Reinvest Shares","VOOG","VANGUARD S&P ...500 GROWTH ETF","0.0105","$250.8197","","-$2.63"
"07/06/2023","Buy","PLUG","PLUG POWER INC","500","$9.8673","","-$4933.65"
"07/06/2023","Buy","BLDP","BALLARD POWER SYS F","2,000","$4.0599","","-$8119.80"
"07/05/2023","Reinvest Dividend","VOOG","VANGUARD S&P ...500 GROWTH ETF","","","","$3.51"
"07/05/2023","NRA Tax Adj","VOOG","VANGUARD S&P ...500 GROWTH ETF","","","","-$0.88"
"06/29/2023","NRA Tax Adj","","SCHWAB1 INT 05/30-06/28","","","","-$10.23"
"06/29/2023","Credit Interest","","SCHWAB1 INT 05/30-06/28","","","","$68.20"
"06/12/2023","Sell","INTC","INTEL CORP","319.3465","$33.2429","$0.13","$10615.88"
"06/12/2023","Sell","BLDP","BALLARD POWER SYS F","2,600","$4.7406","$0.48","$12325.08"
"06/07/2023","Sell","BE","BLOOM ENERGY CORP CLASS A","350","$15.66","$0.10","$5480.90"
"06/07/2023","Sell","AAL","AMERICAN AIRLS GROUP","400","$15.1006","$0.11","$6040.13"
"06/02/2023","Reinvest Shares","INTC","INTEL CORP","0.9643","$30.9554","","-$29.85"
"06/01/2023","NRA Tax Adj","INTC","INTEL CORP","","","","-$9.95"
"06/01/2023","Qual Div Reinvest","INTC","INTEL CORP","","","","$39.80"
"06/01/2023","Buy","OKTA","OKTA INC CLASS A","100","$73.428","","-$7342.80"
"05/30/2023","NRA Tax Adj","","SCHWAB1 INT 04/27-05/29","","","","-$11.29"
"05/30/2023","Credit Interest","","SCHWAB1 INT 04/27-05/29","","","","$75.31"
"05/30/2023","Buy","BE","BLOOM ENERGY CORP CLASS A","200","$13.9889","","-$2797.78"
"05/30/2023","Buy","AAL","AMERICAN AIRLS GROUP","400","$14.60","","-$5840.00"
"05/30/2023","Buy","BLDP","BALLARD POWER SYS F","1,500","$4.2387","","-$6358.05"
"05/23/2023","Sell","TSLA","TESLA INC","30","$191.00","$0.05","$5729.95"
"05/23/2023","Sell","PLUG","PLUG POWER INC","600","$8.95","$0.12","$5369.88"
"05/16/2023","Buy","TSLA","TESLA INC","30","$168.40","","-$5052.00"
"05/09/2023","Buy","BE","BLOOM ENERGY CORP CLASS A","150","$16.6861","","-$2502.92"
"05/09/2023","Buy","RIVN","RIVIAN AUTOMOTIVE INC CLASS A","300","$13.9422","","-$4182.66"
"05/09/2023","Buy","PLUG","PLUG POWER INC","600","$7.9933","","-$4795.98"
"05/09/2023","Buy","BLDP","BALLARD POWER SYS F","1,100","$4.48","","-$4928.00"
"05/03/2023","Sell","BE","BLOOM ENERGY CORP CLASS A","300","$16.3001","$0.08","$4889.95"
"05/03/2023","Sell","BLDP","BALLARD POWER SYS F","1,000","$4.2601","$0.18","$4259.92"
"05/02/2023","Buy","BLDP","BALLARD POWER SYS F","1,000","$4.1505","","-$4150.50"
"05/02/2023","Buy","BE","BLOOM ENERGY CORP CLASS A","300","$16.0575","","-$4817.25"
"04/27/2023","NRA Tax Adj","","SCHWAB1 INT 03/30-04/26","","","","-$9.87"
"04/27/2023","Credit Interest","","SCHWAB1 INT 03/30-04/26","","","","$65.80"
"04/27/2023","Sell","META","META PLATFORMS INC CLASS A","20","$241.25","$0.04","$4824.96"
"03/30/2023","Reinvest Shares","VOOG","VANGUARD S&P ...500 GROWTH ETF","0.0113","$226.9307","","-$2.57"
"03/30/2023","NRA Tax Adj","","SCHWAB1 INT 02/27-03/29","","","","-$10.61"
"03/30/2023","Credit Interest","","SCHWAB1 INT 02/27-03/29","","","","$70.78"
"03/29/2023","Reinvest Dividend","VOOG","VANGUARD S&P ...500 GROWTH ETF","","","","$3.43"
"03/29/2023","NRA Tax Adj","VOOG","VANGUARD S&P ...500 GROWTH ETF","","","","-$0.86"
"03/23/2023","Sell","BLDP","BALLARD POWER SYS F","1,016","$5.6315","$0.20","$5721.40"
"03/15/2023","Sell","QQQ","INVSC QQQ TRUST SRS 1 ETF","0.0279","$295.67","","$8.25"
"03/15/2023","Sell","QQQ","INVSC QQQ TRUST SRS 1 ETF","15","$295.67","$0.04","$4435.01"
"03/15/2023","Buy","BLDP","BALLARD POWER SYS F","1,016","$4.925","","-$5003.80"
"03/02/2023","Reinvest Shares","INTC","INTEL CORP","3.3822","$25.4951","","-$86.23"
"03/02/2023","Sell","TSLA","TESLA INC","25","$190.685","$0.04","$4767.09"
"03/01/2023","NRA Tax Adj","INTC","INTEL CORP","","","","-$28.75"
"03/01/2023","Qual Div Reinvest","INTC","INTEL CORP","","","","$114.98"
"03/01/2023","Buy","TSLA","TESLA INC","25","$200.55","","-$5013.75"
"02/27/2023","NRA Tax Adj","","SCHWAB1 INT 01/30-02/26","","","","-$8.79"
"02/27/2023","Credit Interest","","SCHWAB1 INT 01/30-02/26","","","","$58.66"
"02/02/2023","Sell","F","FORD MOTOR CO","350","$14.4624","$0.12","$5061.72"
"02/02/2023","Sell","TSLA","TESLA INC","225","$191.90","$0.99","$43176.51"
"02/02/2023","Sell","HYDR","GLOBAL X HYDROGEN ETF","500","$14.15","$0.16","$7074.84"
"02/02/2023","Sell","HYDR","GLOBAL X HYDROGEN ETF","100","$14.15","$0.03","$1414.97"
"02/02/2023","Sell","HYDR","GLOBAL X HYDROGEN ETF","100","$14.15","$0.03","$1414.97"
"02/02/2023","Sell","HYDR","GLOBAL X HYDROGEN ETF","100","$14.15","$0.03","$1414.97"
"02/02/2023","Sell","HYDR","GLOBAL X HYDROGEN ETF","150","$14.15","$0.05","$2122.45"
"02/02/2023","Sell","HYDR","GLOBAL X HYDROGEN ETF","100","$14.155","$0.03","$1415.47"
"01/30/2023","NRA Tax Adj","","SCHWAB1 INT 12/29-01/29","","","","-$3.04"
"01/30/2023","Credit Interest","","SCHWAB1 INT 12/29-01/29","","","","$20.30"
"01/24/2023","Sell","BLDP","BALLARD POWER SYS F","3,350","$6.2408","$0.48","$20906.20"
"01/24/2023","Sell","ADBE","ADOBE INC","40","$361.33","$0.33","$14452.87"
"01/23/2023","Sell","CRM","SALESFORCE INC","70","$154.255","$0.25","$10797.60"
"01/23/2023","Sell","SHOP","SHOPIFY INC FCLASS A","300","$42.9741","$0.30","$12891.93"
"01/20/2023","Sell","GOOG","ALPHABET INC. CLASS C","56","$98.075","$0.13","$5492.07"
"01/17/2023","Sell","AMZN","AMAZON.COM INC","110","$97.365","$0.25","$10709.90"
"01/17/2023","Sell","BWA","BORG WARNER INC","225","$44.67","$0.23","$10050.52"
"01/17/2023","Sell","CHPT","CHARGEPOINT HOLDINGS INCCLASS A","450","$12.05","$0.12","$5422.38"
"01/03/2023","Reinvest Shares","QQQ","INVSC QQQ TRUST SRS 1 ETF","0.0279","$264.5246","","-$7.37"
"01/03/2023","Buy","TSLA","TESLA INC","45","$108.1889","","-$4868.50"
"12/30/2022","Reinvest Dividend","QQQ","INVSC QQQ TRUST SRS 1 ETF","","","","$9.83"
"12/30/2022","NRA Tax Adj","QQQ","INVSC QQQ TRUST SRS 1 ETF","","","","-$2.46"
"12/29/2022","NRA Tax Adj","","SCHWAB1 INT 11/29-12/28","","","","-$2.25"
"12/29/2022","Credit Interest","","SCHWAB1 INT 11/29-12/28","","","","$15.01"
"12/28/2022","Buy","SHOP","SHOPIFY INC FCLASS A","50","$33.37","","-$1668.50"
"12/28/2022","Buy","SHOP","SHOPIFY INC FCLASS A","100","$33.37","","-$3337.00"
"12/28/2022","Buy","HYDR","GLOBAL X HYDROGEN ETF","100","$10.6671","","-$1066.71"
"12/28/2022","Buy","HYDR","GLOBAL X HYDROGEN ETF","300","$10.6999","","-$3209.97"
"12/28/2022","Buy","RIVN","RIVIAN AUTOMOTIVE INC CLASS A","250","$17.9784","","-$4494.60"
"12/28/2022","Buy","BLDP","BALLARD POWER SYS F","1,500","$4.56","","-$6840.00"
"12/27/2022","Reinvest Shares","VOOG","VANGUARD S&P ...500 GROWTH ETF","0.0104","$210.292","","-$2.19"
"12/27/2022","Wire Received","","WIRED FUNDS RECEIVED","","","","$49960.00"
"12/27/2022","Buy","TSLA","TESLA INC","60","$112.33","","-$6739.80"
"12/23/2022","Reinvest Dividend","VOOG","VANGUARD S&P ...500 GROWTH ETF","","","","$2.92"
"12/23/2022","NRA Tax Adj","VOOG","VANGUARD S&P ...500 GROWTH ETF","","","","-$0.73"
"12/23/2022","Buy","GOOG","ALPHABET INC. CLASS C","56","$89.8617","","-$5032.26"
"12/23/2022","Buy","SHOP","SHOPIFY INC FCLASS A","150","$33.8395","","-$5075.93"
"12/15/2022","NRA Tax Adj","METV","ROUNDHILL BALL METAVERSEETF","","","","-$0.16"
"12/15/2022","Cash Dividend","METV","ROUNDHILL BALL METAVERSEETF","","","","$0.63"
"12/09/2022","Buy","BWA","BORG WARNER INC","100","$40.75","","-$4075.00"
"12/09/2022","Buy","BLDP","BALLARD POWER SYS F","950","$5.395","","-$5125.25"
"12/09/2022","Buy","RIVN","RIVIAN AUTOMOTIVE INC CLASS A","250","$27.585","","-$6896.25"
"12/05/2022","Buy","HYDR","GLOBAL X HYDROGEN ETF","400","$12.3862","","-$4954.48"
"12/05/2022","Buy","INTC","INTEL CORP","180","$29.015","","-$5222.70"
"12/05/2022","Buy","ADBE","ADOBE INC","20","$332.75","","-$6655.00"
"12/05/2022","Buy","AMZN","AMAZON.COM INC","60","$91.2791","","-$5476.75"
"12/05/2022","Buy","BWA","BORG WARNER INC","25","$41.80","","-$1045.00"
"12/05/2022","Buy","BWA","BORG WARNER INC","100","$41.80","","-$4180.00"
"12/01/2022","NRA Tax Adj","INTC","INTEL CORP","","","","-$12.32"
"12/01/2022","Qualified Dividend","INTC","INTEL CORP","","","","$49.28"
"12/01/2022","Buy","QQQ","INVSC QQQ TRUST SRS 1 ETF","15","$293.3199","","-$4399.80"
"12/01/2022","Buy","F","FORD MOTOR CO","350","$14.1281","","-$4944.84"
"12/01/2022","Buy","ADBE","ADOBE INC","9","$343.65","","-$3092.85"
"12/01/2022","Buy","ADBE","ADOBE INC","11","$343.65","","-$3780.15"
"12/01/2022","Buy","CRM","SALESFORCE INC","40","$144.381","","-$5775.24"
"11/30/2022","Wire Received","","WIRED FUNDS RECEIVED","","","","$49960.00"
"11/29/2022","NRA Tax Adj","","SCHWAB1 INT 10/28-11/28","","","","-$2.11"
"11/29/2022","Credit Interest","","SCHWAB1 INT 10/28-11/28","","","","$14.08"
"11/28/2022","Buy","AMZN","AMAZON.COM INC","49","$94.33","","-$4622.17"
"11/28/2022","Buy","AMZN","AMAZON.COM INC","1","$94.33","","-$94.33"
"11/28/2022","Buy","CHPT","CHARGEPOINT HOLDINGS INCCLASS A","450","$11.5692","","-$5206.14"
"11/28/2022","Buy","CRM","SALESFORCE INC","30","$153.80","","-$4614.00"
"11/28/2022","Buy","BLDP","BALLARD POWER SYS F","900","$5.7098","","-$5138.82"
"11/15/2022","Sell","BLDP","BALLARD POWER SYS F","37","$6.55","$0.01","$242.34"
"11/15/2022","Sell","BLDP","BALLARD POWER SYS F","1,000","$6.55","$0.15","$6549.85"
"11/15/2022","Sell","BLDP","BALLARD POWER SYS F","613","$6.55","$0.09","$4015.06"
"11/11/2022","Sell","U","UNITY SOFTWARE INC","148","$31.52","$0.11","$4664.85"
"11/11/2022","Sell","U","UNITY SOFTWARE INC","17","$31.52","$0.01","$535.83"
"11/10/2022","Sell","QQQ","INVSC QQQ TRUST SRS 1 ETF","0.0042","$277.16","","$1.16"
"11/10/2022","Sell","QQQ","INVSC QQQ TRUST SRS 1 ETF","11","$277.16","$0.07","$3048.69"
"11/10/2022","Sell","VOO","VANGUARD S&P ...500 ETF","9","$357.65","$0.07","$3218.78"
"11/10/2022","Sell","VOO","VANGUARD S&P ...500 ETF","1","$357.65","$0.01","$357.64"
"11/10/2022","Sell","RIVN","RIVIAN AUTOMOTIVE INC CLASS A","100","$32.4237","$0.07","$3242.30"
"11/10/2022","Sell","AMZN","AMAZON.COM INC","33","$95.0021","$0.07","$3135.00"
"11/10/2022","Sell","GOOG","ALPHABET INC. CLASS C","40","$93.21","$0.09","$3728.31"
"11/10/2022","Sell","ADBE","ADOBE INC","20","$322.74","$0.15","$6454.65"
"11/02/2022","Buy","AMZN","AMAZON.COM INC","8","$94.87","","-$758.96"
"11/02/2022","Buy","AMZN","AMAZON.COM INC","25","$94.87","","-$2371.75"
"11/02/2022","Buy","ADBE","ADOBE INC","20","$311.14","","-$6222.80"
"11/02/2022","Buy","RIVN","RIVIAN AUTOMOTIVE INC CLASS A","100","$32.88","","-$3288.00"
"11/02/2022","Buy","GOOG","ALPHABET INC. CLASS C","39","$89.20","","-$3478.80"
"11/02/2022","Buy","GOOG","ALPHABET INC. CLASS C","1","$89.20","","-$89.20"
"11/01/2022","Reinvest Shares","QQQ","INVSC QQQ TRUST SRS 1 ETF","0.0042","$276.8244","","-$1.17"
"10/31/2022","Reinvest Dividend","QQQ","INVSC QQQ TRUST SRS 1 ETF","","","","$1.56"
"10/31/2022","NRA Tax Adj","QQQ","INVSC QQQ TRUST SRS 1 ETF","","","","-$0.39"
"10/28/2022","NRA Tax Adj","","SCHWAB1 INT 09/29-10/27","","","","-$1.83"
"10/28/2022","Credit Interest","","SCHWAB1 INT 09/29-10/27","","","","$12.20"
"10/26/2022","Sell","CHPT","CHARGEPOINT HOLDINGS INCCLASS A","630","$14.10","$0.20","$8882.80"
"10/25/2022","Sell","GOOG","ALPHABET INC. CLASS C","20","$104.00","$0.05","$2079.95"
"10/25/2022","Sell","ADBE","ADOBE INC","16","$320.75","$0.12","$5131.88"
"10/25/2022","Sell","ADBE","ADOBE INC","1","$320.76","$0.01","$320.75"
"10/24/2022","Buy","U","UNITY SOFTWARE INC","18","$28.48","","-$512.64"
"10/24/2022","Buy","U","UNITY SOFTWARE INC","2","$28.48","","-$56.96"
"10/24/2022","Buy","U","UNITY SOFTWARE INC","80","$28.48","","-$2278.40"
"10/24/2022","Buy","CHPT","CHARGEPOINT HOLDINGS INCCLASS A","250","$12.28","","-$3070.00"
"10/24/2022","Buy","BLDP","BALLARD POWER SYS F","400","$5.4194","","-$2167.76"
"10/20/2022","Buy","CHPT","CHARGEPOINT HOLDINGS INCCLASS A","130","$12.3699","","-$1608.09"
"10/20/2022","Buy","TSLA","TESLA INC","30","$205.58","","-$6167.40"
"10/07/2022","Buy","VOO","VANGUARD S&P ...500 ETF","8","$334.20","","-$2673.60"
"10/07/2022","Buy","QQQ","INVSC QQQ TRUST SRS 1 ETF","8","$270.00","","-$2160.00"
"10/07/2022","Buy","BLDP","BALLARD POWER SYS F","40","$5.985","","-$239.40"
"10/07/2022","Buy","BLDP","BALLARD POWER SYS F","100","$5.985","","-$598.50"
"10/07/2022","Buy","BLDP","BALLARD POWER SYS F","100","$5.985","","-$598.50"
"10/07/2022","Buy","BLDP","BALLARD POWER SYS F","10","$5.985","","-$59.85"
"10/07/2022","Buy","CHPT","CHARGEPOINT HOLDINGS INCCLASS A","250","$14.1478","","-$3536.95"
"10/05/2022","Buy","BLDP","BALLARD POWER SYS F","1,000","$6.467","","-$6467.00"
"10/04/2022 as of 10/03/2022","NRA Tax Adj","VOO","VANGUARD S&P ...500 ETF","","","","-$0.74"
"10/04/2022 as of 10/03/2022","Cash Dividend","VOO","VANGUARD S&P ...500 ETF","","","","$2.94"
"10/04/2022","Sell","SHOP","SHOPIFY INC FCLASS A","100","$31.57","$0.07","$3156.93"
"10/04/2022","Sell","SHOP","SHOPIFY INC FCLASS A","50","$31.57","$0.04","$1578.46"
"10/04/2022","Sell","CHPT","CHARGEPOINT HOLDINGS INCCLASS A","100","$16.435","$0.04","$1643.46"
"10/03/2022","NRA Tax Adj","VOOG","VANGUARD S&P ...500 GROWTH ETF","","","","-$0.63"
"10/03/2022","Cash Dividend","VOOG","VANGUARD S&P ...500 GROWTH ETF","","","","$2.52"
"09/29/2022","NRA Tax Adj","","SCHWAB1 INT 08/30-09/28","","","","-$1.86"
"09/29/2022","Credit Interest","","SCHWAB1 INT 08/30-09/28","","","","$12.46"
"09/29/2022","NRA Tax Adj","NVDA","NVIDIA CORP","","","","-$0.05"
"09/29/2022","Qualified Dividend","NVDA","NVIDIA CORP","","","","$0.20"
"09/23/2022","Buy","GOOG","ALPHABET INC. CLASS C","20","$99.00","","-$1980.00"
"09/23/2022","Buy","HYDR","GLOBAL X HYDROGEN ETF","150","$11.43","","-$1714.50"
"09/22/2022","Buy","CHPT","CHARGEPOINT HOLDINGS INCCLASS A","100","$15.15","","-$1515.00"
"09/22/2022","Buy","U","UNITY SOFTWARE INC","40","$33.55","","-$1342.00"
"09/22/2022","Buy","INTC","INTEL CORP","80","$28.24","","-$2259.20"
"09/22/2022","Buy","SHOP","SHOPIFY INC FCLASS A","150","$28.73","","-$4309.50"
"09/16/2022","Buy","ADBE","ADOBE INC","16","$295.20","","-$4723.20"
"09/16/2022","Buy","ADBE","ADOBE INC","1","$295.20","","-$295.20"
"09/09/2022","Sell","NVDA","NVIDIA CORP","1","$144.27","","$144.27"
"09/09/2022","Sell","NVDA","NVIDIA CORP","4","$144.27","$0.01","$577.07"
"09/09/2022","Sell","BLDP","BALLARD POWER SYS F","100","$8.02","$0.02","$801.98"
"09/09/2022","Sell","OKTA","OKTA INC CLASS A","16","$64.27","$0.02","$1028.30"
"09/09/2022","Sell","OKTA","OKTA INC CLASS A","1","$64.27","","$64.27"
"09/09/2022","Sell","RBLX","ROBLOX CORP CLASS A","20","$44.6262","$0.02","$892.50"
"09/06/2022","Sell","RIVN","RIVIAN AUTOMOTIVE INC CLASS A","29","$34.44","$0.02","$998.74"
"09/06/2022","Sell","RIVN","RIVIAN AUTOMOTIVE INC CLASS A","1","$34.44","","$34.44"
"09/01/2022","Buy","OKTA","OKTA INC CLASS A","16","$59.45","","-$951.20"
"09/01/2022","Buy","OKTA","OKTA INC CLASS A","1","$59.45","","-$59.45"
"09/01/2022","NRA Tax Adj","INTC","INTEL CORP","","","","-$3.65"
"09/01/2022","Qualified Dividend","INTC","INTEL CORP","","","","$14.60"
"09/01/2022","Buy","QQQ","INVSC QQQ TRUST SRS 1 ETF","3","$293.96","","-$881.88"
"09/01/2022","Buy","NVDA","NVIDIA CORP","5","$134.24","","-$671.20"
"09/01/2022","Buy","RIVN","RIVIAN AUTOMOTIVE INC CLASS A","30","$30.99","","-$929.70"
"09/01/2022","Buy","RBLX","ROBLOX CORP CLASS A","19","$36.67","","-$696.73"
"09/01/2022","Buy","RBLX","ROBLOX CORP CLASS A","1","$36.67","","-$36.67"
"09/01/2022","Buy","U","UNITY SOFTWARE INC","25","$39.2352","","-$980.88"
"09/01/2022","Buy","BLDP","BALLARD POWER SYS F","100","$7.23","","-$723.00"
"09/01/2022","Buy","INTC","INTEL CORP","3","$31.27","","-$93.81"
"09/01/2022","Buy","INTC","INTEL CORP","12","$31.27","","-$375.24"
"08/30/2022","NRA Tax Adj","","SCHWAB1 INT 07/28-08/29","","","","-$1.98"
"08/30/2022","Credit Interest","","SCHWAB1 INT 07/28-08/29","","","","$13.24"
"08/25/2022 as of 08/24/2022","Stock Split","TSLA","TESLA INC","60","$297.0967","",""
"08/10/2022","Sell","FRSH","FRESHWORKS INC CLASS A","100","$16.05","$0.04","$1604.96"
"07/28/2022","NRA Tax Adj","","SCHWAB1 INT 06/29-07/27","","","","-$0.85"
"07/28/2022","Credit Interest","","SCHWAB1 INT 06/29-07/27","","","","$5.69"
"07/28/2022","Sell","ICLN","ISHARES GLOBAL CLEAN ENERGY ETF","30","$21.6335","$0.01","$649.00"
"07/28/2022","Sell","BLNK","BLINK CHARGING CO","50","$20.28","$0.02","$1013.98"
"07/28/2022","Sell","ICLN","ISHARES GLOBAL CLEAN ENERGY ETF","70","$21.60","$0.03","$1511.97"
"07/28/2022","Sell","BLDP","BALLARD POWER SYS F","520","$8.10","$0.10","$4211.90"
"07/28/2022","Sell","BLDP","BALLARD POWER SYS F","600","$8.00","$0.11","$4799.89"
"07/28/2022","Sell","BLNK","BLINK CHARGING CO","50","$19.90","$0.02","$994.98"
"07/21/2022","Sell","F","FORD MOTOR CO","150","$12.70","$0.04","$1904.96"
"07/21/2022","Sell","GOOGL","ALPHABET INC. CLASS A","20","$113.50","$0.05","$2269.95"
"07/21/2022","Sell","BWA","BORG WARNER INC","20","$35.71","$0.02","$714.18"
"07/21/2022","Sell","CHPT","CHARGEPOINT HOLDINGS INCCLASS A","42","$14.30","$0.01","$600.59"
"07/21/2022","Sell","U","UNITY SOFTWARE INC","25","$40.00","$0.02","$999.98"
"07/18/2022 as of 07/15/2022","Stock Split","GOOGL","ALPHABET INC. CLASS A","19","$111.7775","",""
"07/14/2022","Buy","GOOGL","ALPHABET INC. FORWARD SPLIT WITH STOCK SPLIT SHARES","1","$2180.00","","-$2180.00"
"07/14/2022","Buy","INTC","INTEL CORP","10","$36.48","","-$364.80"
"07/14/2022","Buy","BWA","BORG WARNER INC","2","$32.42","","-$64.84"
"07/14/2022","Buy","BWA","BORG WARNER INC","7","$32.42","","-$226.94"
"07/14/2022","Buy","BWA","BORG WARNER INC","11","$32.42","","-$356.62"
"07/14/2022","Buy","U","UNITY SOFTWARE INC","5","$31.92","","-$159.60"
"07/14/2022","Buy","U","UNITY SOFTWARE INC","10","$31.92","","-$319.20"
"07/14/2022","Buy","F","FORD MOTOR CO","50","$11.18","","-$559.00"
"07/12/2022","Sell","AAL","AMERICAN AIRLS GROUP","34","$14.65","$0.01","$498.09"
"07/12/2022","Sell","AAL","AMERICAN AIRLS GROUP","1","$14.65","","$14.65"
"07/11/2022","Buy","AAL","AMERICAN AIRLS GROUP","35","$13.34","","-$466.90"
"07/11/2022","Buy","U","UNITY SOFTWARE INC","10","$41.50","","-$415.00"
"07/11/2022","Buy","CHPT","CHARGEPOINT HOLDINGS INCCLASS A","42","$12.065","","-$506.73"
"07/05/2022","NRA Tax Adj","VOO","VANGUARD S&P ...500 ETF","","","","-$0.72"
"07/05/2022","Cash Dividend","VOO","VANGUARD S&P ...500 ETF","","","","$2.86"
"06/29/2022","NRA Tax Adj","","SCHWAB1 INT 05/27-06/28","","","","-$0.18"
"06/29/2022","Credit Interest","","SCHWAB1 INT 05/27-06/28","","","","$1.25"
"06/28/2022","NRA Tax Adj","VOOG","VANGUARD S&P ...500 GROWTH ETF","","","","-$0.56"
"06/28/2022","Cash Dividend","VOOG","VANGUARD S&P ...500 GROWTH ETF","","","","$2.23"
"06/23/2022","Sell","CHPT","CHARGEPOINT HOLDINGS INCCLASS A","49","$14.87","$0.02","$728.61"
"06/23/2022","Sell","CHPT","CHARGEPOINT HOLDINGS INCCLASS A","21","$14.87","$0.01","$312.26"
"06/23/2022","Sell","U","UNITY SOFTWARE INC","7","$43.36","$0.01","$303.51"
"06/23/2022","Sell","U","UNITY SOFTWARE INC","23","$43.36","$0.02","$997.26"
"06/17/2022","Sell","SGEN","SEAGEN INC","9","$171.50","$0.04","$1543.46"
"06/17/2022","Sell","SGEN","SEAGEN INC","1","$171.50","","$171.50"
"06/15/2022","NRA Tax Adj","BWA","BORG WARNER INC","","","","-$1.70"
"06/15/2022","Qualified Dividend","BWA","BORG WARNER INC","","","","$6.80"
"06/15/2022","NRA Tax Adj","ICLN","ISHARES GLOBAL CLEAN ENERGY ETF","","","","-$3.51"
"06/15/2022","Cash Dividend","ICLN","ISHARES GLOBAL CLEAN ENERGY ETF","","","","$14.03"
"06/13/2022","Buy","BLNK","BLINK CHARGING CO","40","$14.23","","-$569.20"
"06/13/2022","Buy","F","FORD MOTOR CO","50","$11.8358","","-$591.79"
"06/13/2022","Buy","U","UNITY SOFTWARE INC","12","$34.09","","-$409.08"
"06/13/2022","Buy","CHPT","CHARGEPOINT HOLDINGS INCCLASS A","35","$12.1201","","-$424.20"
"06/10/2022","Buy","INTC","INTEL CORP","10","$39.30","","-$393.00"
"06/10/2022","Buy","F","FORD MOTOR CO","50","$12.817","","-$640.85"
"06/10/2022","Buy","CHPT","CHARGEPOINT HOLDINGS INCCLASS A","35","$14.659","","-$513.07"
"06/10/2022","Buy","BLNK","BLINK CHARGING CO","25","$15.7892","","-$394.73"
"06/10/2022","Buy","U","UNITY SOFTWARE INC","18","$37.299","","-$671.38"
"06/10/2022","Buy","FRSH","FRESHWORKS INC CLASS A","50","$12.2825","","-$614.13"
"06/02/2022 as of 05/13/2022","Misc Cash Entry","","Sec Fee Adjustment","","","","$0.03"
"06/02/2022","Sell","BWA","BORG WARNER INC","35","$40.25","$0.03","$1408.72"
"06/02/2022","Sell","BWA","BORG WARNER INC","5","$40.25","","$201.25"
"06/01/2022","NRA Tax Adj","INTC","INTEL CORP","","","","-$1.83"
"06/01/2022","Qualified Dividend","INTC","INTEL CORP","","","","$7.30"
"05/27/2022","NRA Tax Adj","","SCHWAB1 INT 04/28-05/26","","","","-$0.03"
"05/27/2022","Credit Interest","","SCHWAB1 INT 04/28-05/26","","","","$0.22"
"05/27/2022","Sell","NVDA","NVIDIA CORP","5","$186.08","$0.02","$930.38"
"05/27/2022","Sell","CHPT","CHARGEPOINT HOLDINGS INCCLASS A","100","$13.05","$0.03","$1304.97"
"05/20/2022","Buy","CHPT","CHARGEPOINT HOLDINGS INCCLASS A","100","$10.495","","-$1049.50"
"05/19/2022","Sell","RIVN","RIVIAN AUTOMOTIVE INC CLASS A","120","$30.00","$0.08","$3599.92"
"05/13/2022","Sell","CHPT","CHARGEPOINT HOLDINGS INCCLASS A","100","$10.44","$0.02","$1043.98"
"05/13/2022","Sell","U","UNITY SOFTWARE INC","30","$39.1501","$0.03","$1174.47"
"05/11/2022","Buy","U","UNITY SOFTWARE INC","30","$31.0776","","-$932.33"
"05/11/2022","Buy","CHPT","CHARGEPOINT HOLDINGS INCCLASS A","100","$9.00","","-$900.00"
"05/11/2022","Wire Received","","WIRED FUNDS RECEIVED","","","","$39960.00"
"05/09/2022","Buy","HYDR","GLOBAL X HYDROGEN ETF","7","$13.40","","-$93.80"
"05/09/2022","Buy","HYDR","GLOBAL X HYDROGEN ETF","23","$13.40","","-$308.20"
"05/09/2022","Buy","RIVN","RIVIAN AUTOMOTIVE INC CLASS A","100","$23.60","","-$2360.00"
"05/09/2022","Buy","VOO","VANGUARD S&P ...500 ETF","2","$368.70","","-$737.40"
"05/09/2022","Buy","BWA","BORG WARNER INC","30","$37.4383","","-$1123.15"
"05/09/2022","Buy","ICLN","ISHARES GLOBAL CLEAN ENERGY ETF","60","$17.575","","-$1054.50"
"05/09/2022","Buy","BTEC","PRINCIPAL HLTHCR INOVTR ETF IV","20","$28.981","","-$579.62"
"05/09/2022","Buy","NVDA","NVIDIA CORP","3","$174.25","","-$522.75"
"05/09/2022","Buy","NVDA","NVIDIA CORP","1","$174.25","","-$174.25"
"05/09/2022","Buy","BLDP","BALLARD POWER SYS F","1,000","$7.00","","-$7000.00"
"05/09/2022","Buy","TSLA","TESLA INC","2","$814.00","","-$1628.00"
"05/09/2022","Buy","TSLA","TESLA INC","8","$814.00","","-$6512.00"
"05/06/2022","Buy","TSLA","TESLA INC","20","$847.625","","-$16952.50"
"05/05/2022","Wire Received","","WIRED FUNDS RECEIVED","","","","$29960.00"
"05/04/2022","Buy","FRSH","FRESHWORKS INC CLASS A","20","$15.665","","-$313.30"
"04/28/2022","Buy","BLDP","BALLARD POWER SYS F","20","$8.2496","","-$164.99"
"04/28/2022","Buy","RIVN","RIVIAN AUTOMOTIVE INC CLASS A","5","$31.00","","-$155.00"
"04/22/2022","Buy","RIVN","RIVIAN AUTOMOTIVE INC CLASS A","5","$32.935","","-$164.68"
"04/18/2022","Buy","NVDA","NVIDIA CORP","1","$219.6812","","-$219.68"
"04/18/2022","Buy","RIVN","RIVIAN AUTOMOTIVE INC CLASS A","10","$38.1288","","-$381.29"
